{
  "model": "Qwen2.5-3B-Instruct",
  "precision": "FP32",
  "hardware": "NVIDIA L4",
  "prompts": 500,
  "latency_mean": 5275.101445718017,
  "latency_p95": 5540.963124751215,
  "latency_p99": 5572.652684189497,
  "tokens_per_sec": 18.22941245576576,
  "gpu_mem_gb": 12.354376192
}