{
  "fp32_ppl": 16.259600838265637,
  "fp16_ppl": 16.262322238985607,
  "int4_ppl": 17.84254781644512,
  "fp16_degradation_pct": 0.016737192671825604,
  "int4_degradation_pct": 9.735460260833378
}