{
  "1": {
    "concurrency": 1,
    "p50_ms": 5637.261343001228,
    "p95_ms": 5798.923912349346,
    "p99_ms": 6024.500828710625,
    "mean_ms": 5510.560841899896,
    "requests": 100
  },
  "5": {
    "concurrency": 5,
    "p50_ms": 5630.588463500317,
    "p95_ms": 5709.241075951832,
    "p99_ms": 5736.9795169979625,
    "mean_ms": 5639.981026949682,
    "requests": 100
  },
  "10": {
    "concurrency": 10,
    "p50_ms": 5725.380879999648,
    "p95_ms": 5832.444259998738,
    "p99_ms": 5832.444259998738,
    "mean_ms": 5740.839451699868,
    "requests": 100
  },
  "25": {
    "concurrency": 25,
    "p50_ms": 5854.907787001139,
    "p95_ms": 5959.735152999201,
    "p99_ms": 22773.204128010548,
    "mean_ms": 6511.309179360396,
    "requests": 100
  },
  "50": {
    "concurrency": 50,
    "p50_ms": 5799.003186002665,
    "p95_ms": 6289.918589998706,
    "p99_ms": 22523.30060399254,
    "mean_ms": 6511.229661440011,
    "requests": 100
  }
}